A91	0.762
A92	1.124
A93	0.648
A94	0.644
A95	1.221
A96	1.317
A97	1.364
A98	2.016
A99	1.880
A100	1.123
A101	0.870
A102	0.679
A103	0.594
A104	0.504
A105	0.834
A106	0.842
A107	0.727
A108	0.789
A109	0.624
A110	0.543
A111	0.486
A112	0.654
A113	0.656
A114	1.077
A115	1.358
A116	1.087
A117	1.039
A118	0.869
A119	1.191
A120	1.376
A121	1.460
A122	0.867
A123	0.896
A124	0.444
A125	0.319
A126	0.365
A127	0.534
A128	0.898
A129	1.358
A130	1.222
A131	0.895
A132	0.566
A133	0.194
A134	0.475
A135	0.514
A136	0.498
A137	0.691
A138	0.850
A139	0.807
A140	0.480
A141	0.515
A142	0.386
A143	0.298
A144	0.313
A145	0.298
A146	0.668
A147	0.520
A148	0.743
A149	0.854
A150	0.885
A151	0.962
A152	1.532
A153	2.092
A154	0.913
A155	0.532
A156	0.263
A157	0.298
A158	0.483
A159	0.211
A160	0.227
A161	0.311
A162	0.184
A163	0.233
A164	0.235
A165	0.475
A166	1.062
A167	0.888
A168	0.581
A169	0.442
A170	0.564
A171	0.360
A172	0.213
A173	0.210
A174	0.205
A175	0.218
A176	0.343
A177	0.780
A178	1.022
A179	0.749
A180	0.930
A181	1.477
A182	1.611
A183	1.539
A184	3.218
A185	2.962
A186	3.790
A187	3.417
A188	2.080
A189	1.112
A190	1.037
A191	0.835
A192	0.538
A193	0.282
A194	0.195
A195	0.176
A196	0.527
A197	0.589
A198	0.793
A199	1.801
A200	1.410
A201	1.593
A202	0.997
A203	0.669
A204	0.512
A205	0.433
A206	0.521
A207	0.465
A208	0.465
A209	0.630
A210	0.888
A211	0.717
A212	0.506
A213	0.332
A214	0.357
A215	0.234
A216	0.241
A217	0.544
A218	0.340
A219	0.448
A220	0.277
A221	0.357
A222	0.659
A223	0.700
A224	0.980
A225	2.290
A226	2.043
A227	1.248
A228	0.917
A229	0.657
A230	0.375
A231	0.385
A232	0.557
A233	0.521
A234	0.449
A235	0.324
A236	0.199
A237	0.276
A238	0.231
A239	0.376
A240	0.482
A241	0.458
A242	0.565
A243	1.099
A244	0.942
A245	0.523
A246	0.443
A247	0.621
A248	0.306
A249	0.280
A250	0.271
A251	0.143
A252	0.284
A253	0.145
A254	0.339
A255	0.192
A256	0.355
A257	0.308
A258	0.409
A259	0.683
A260	1.202
A261	1.619
A262	1.608
A263	1.087
A264	0.755
A265	0.607
A266	0.493
A267	0.666
A268	0.443
A269	0.415
A270	0.440
A271	0.325
A272	0.134
A273	0.428
A274	0.467
A275	0.625
A276	0.836
A277	1.182
A278	0.560
A279	0.570
A280	0.676
A281	0.665
A282	0.435
A283	0.634
A284	0.893
A285	1.060
A286	1.402
A287	1.623
A288	2.061
A289	2.624
